"CD34,CK19,CD10,CK7,HEP-1,GS,KI-67,GPC-3,CD56"
"HBSAG,CD34,TS,HBCAG,MGMT,¦¢-TUBULIN,D2-40,ERCC-1,EGFR,KI-67,CD31,RRM1,BRCA1,VEGF"
"COX-2,HBSAG,TS,HBCAG,MGMT,¦¢-TUBULIN,D2-40,ERCC-1,KI-67,EGFR,GS,RRM1,BRCA1,GPC-3,VEGF"
"COX-2,TS,MGMT,¦¢-TUBULIN,EGFR,ERCC-1,KI-67,RRM1,BRCA1,VEGF"
"COX-2,HBSAG,TS,HBCAG,HCV,MGMT,¦¢-TUBULIN,ERCC-1,KI-67,EGFR,RRM1,BRCA1,VEGF"
"COX-2,TS,CD34,MGMT,¦¢-TUBULIN,AFP,ERCC-1,EGFR,HEP-1,KI-67,GS,RRM1,BRCA1,GPC-3,VEGF"
"COX-2,TS,MGMT,ERCC-1,EGFR,KI-67,RRM1,BRCA1,VEGF"
"CD30,CK19,CD10,CK7,HSP70,GS,CD117,PLAP,HBSAG,TTF1,SYN,MELAN-A,CK,P63,34¦¢E12,HBCAG,VILLIN,KI-67,CK20,CDX2,SMA,VIMENTIN,HEP-1,CGA,AFP,GPC-3,CD56"
"HBSAG,HBCAG,CK19,SMA,CD10,CK7,KI-67,HEP-1,GS,AFP,GPC-3"
"COX-2,HBSAG,TS,HBCAG,HCV,MGMT,¦¢-TUBULIN,ERCC-1,KI-67,EGFR,RRM1,BRCA1,VEGF"
"SYN,HEP-1,GS,CGA,AFP,GPC-3"
"HBSAG,CD34,HBCAG,CK19,SMA,CD10,CK7,KI-67,GS,AFP,GPC-3"
"COX-2,TS,MGMT,¦¢-TUBULIN,EGFR,ERCC-1,KI-67,RRM1,BRCA1,VEGF"
"COX-2,TS,MGMT,¦¢-TUBULIN,EGFR,ERCC-1,KI-67,RRM1,BRCA1,VEGF"
"COX-2,HBSAG,TS,HBCAG,MGMT,¦¢-TUBULIN,D2-40,ERCC-1,HEP-1,KI-67,EGFR,GS,RRM1,BRCA1,GPC-3,VEGF"
"COX-2,CD34,TS,HBCAG,MGMT,¦¢-TUBULIN,D2-40,ERCC-1,EGFR,KI-67,HEP-1,GS,RRM1,BRCA1,HBSAG,GPC-3,VEGF"
"COX-2,HBSAG,TS,HBCAG,HCV,MGMT,¦¢-TUBULIN,ERCC-1,EGFR,KI-67,RRM1,BRCA1,VEGF"
"SYN,CK20,CK19,VILLIN,P53,CK7,HEP-1,GS,KI-67,CGA,GPC-3"
"COX-2,TS,CK19,MGMT,¦¢-TUBULIN,CK7,EGFR,ERCC-1,KI-67,HEP-1,RRM1,BRCA1,HBSAG,GPC-3,VEGF"
"COX-2,CK20,TS,CK19,VILLIN,MGMT,CDX2,CK7,ERCC-1,KI-67,EGFR,HEP-1,RRM1,BRCA1,VEGF"
"COX-2,TS,MGMT,¦¢-TUBULIN,EGFR,ERCC-1,KI-67,RRM1,BRCA1,VEGF"
"HBSAG,HBCAG,CK19,CD10,CK7,HEP-1,GS,CD117,CA19-9,AFP,GPC-3,CD56"
"COX-2,TS,CK19,MGMT,¦¢-TUBULIN,CK7,ERCC-1,KI-67,EGFR,RRM1,BRCA1,VEGF"
"HBSAG,HBCAG,CK19,SMA,CK7,HSP70,HEP-1,GS,AFP,GPC-3"
"HBCAG,HEP-1,HSP70,GS,KI-67,HBSAG,GPC-3"
"COX-2,HBSAG,TS,HBCAG,CK19,MGMT,SMA,CK7,ERCC-1,KI-67,EGFR,GS,CD68,RRM1,BRCA1,GPC-3,VEGF"
"COX-2,HBSAG,TS,HBCAG,HCV,MGMT,¦¢-TUBULIN,ERCC-1,KI-67,EGFR,RRM1,BRCA1,VEGF"
"COX-2,HBSAG,TS,HBCAG,HCV,MGMT,¦¢-TUBULIN,EGFR,ERCC-1,KI-67,RRM1,BRCA1,VEGF"
"COX-2,TS,MGMT,¦¢-TUBULIN,EGFR,ERCC-1,KI-67,RRM1,BRCA1,VEGF"
"COX-2,TS,MGMT,¦¢-TUBULIN,D2-40,ERCC-1,KI-67,EGFR,CD31,RRM1,BRCA1,VEGF"
"COX-2,HBSAG,TS,HBCAG,HCV,MGMT,¦¢-TUBULIN,ERCC-1,KI-67,EGFR,RRM1,BRCA1,VEGF"
"COX-2,TS,CK19,MGMT,CK7,ERCC-1,KI-67,EGFR,RRM1,BRCA1,VEGF"
"COX-2,HBSAG,TS,HBCAG,HCV,MGMT,ERCC-1,KI-67,EGFR,RRM1,BRCA1,VEGF"
"CD34,HBCAG,CK19,CD10,CK7,HEP-1,GS,KI-67,HBSAG,GPC-3"
"COX-2,TS,MGMT,ERCC-1,EGFR,KI-67,RRM1,BRCA1,VEGF"
"HBCAG,CK19,CK7,HEP-1,KI-67,HBSAG,GPC-3"
"COX-2,TS,MGMT,¦¢-TUBULIN,ERCC-1,EGFR,KI-67,RRM1,BRCA1,VEGF"
"COX-2,TS,MGMT,¦¢-TUBULIN,AFP,ERCC-1,EGFR,KI-67,RRM1,BRCA1,GPC-3,VEGF"
"COX-2,TS,MGMT,¦¢-TUBULIN,EGFR,ERCC-1,KI-67,RRM1,BRCA1,VEGF"
"CD34,CK19,CK7,KI-67,GS,AFP,GPC-3,CD56"
"COX-2,MOC31,TS,CK19,MGMT,¦¢-TUBULIN,CK7,EGFR,KI-67,HEP-1,GS,CD117,RRM1,BRCA1,GPC-3,VEGF,CD56"
"COX-2,HBSAG,TS,HBCAG,MGMT,¦¢-TUBULIN,ERCC-1,KI-67,EGFR,RRM1,BRCA1,VEGF"
"COX-2,HBSAG,TS,HBCAG,HCV,MGMT,¦¢-TUBULIN,EGFR,ERCC-1,KI-67,RRM1,VEGF"
"HBSAG,CD34,HBCAG,CK19,HCV,CK7,GS,AFP,GPC-3"
"COX-2,TS,MGMT,¦¢-TUBULIN,ERCC-1,EGFR,KI-67,RRM1,BRCA1,VEGF"
"CK19,MGMT,CK7,BRCA1,HBSAG,VEGF,SYN,¦¢-TUBULIN,EGFR,CK,P63,HBCAG,HCV,D2-40,KI-67,ERCC-1,RRM1,COX-2,TS,HEP-1,CGA,CD56"
"COX-2,TS,MGMT,¦¢-TUBULIN,EGFR,ERCC-1,KI-67,RRM1,VEGF"
"CD34,CK19,HSP70,GS,GPC-3"
"CK19,MGMT,CD10,CK7,BRCA1,HBSAG,VEGF,SYN,¦¢-TUBULIN,EGFR,HBCAG,ERCC-1,KI-67,RRM1,COX-2,TS,HEP-1,CGA,AFP,CD56"
"TS,CD34,MGMT,¦¢-TUBULIN,EGFR,KI-67,RRM1,VEGF"
"COX-2,SYN,HBSAG,TS,CD34,HBCAG,MGMT,¦¢-TUBULIN,ERCC-1,EGFR,CGA,KI-67,RRM1,BRCA1,VEGF"
"CD34,HBCAG,HCV,SMA,KI-67,GS,HBSAG,GPC-3"
"COX-2,TS,CK19,MGMT,¦¢-TUBULIN,CD10,AFP,CK7,ERCC-1,KI-67,EGFR,HEP-1,RRM1,BRCA1,VEGF"
"¦¢-CATENIN,CD34,CK19,CK7,HEP-1,CD117,KI-67"
"COX-2,HBSAG,TS,HBCAG,MGMT,¦¢-TUBULIN,ERCC-1,KI-67,EGFR,HEP-1,GS,RRM1,BRCA1,GPC-3,VEGF"
"HBSAG,CK20,HBCAG,CK19,VILLIN,CDX2,SMA,CK7,CA19-9"
"HBSAG,HBCAG,CK19,SMA,CD10,CK7,KI-67,HEP-1,ARG-1,AFP,GPC-3,CD56"
"HBSAG,HBCAG,CK19,SMA,CD10,CK7,KI-67,HEP-1,ARG-1,AFP,GPC-3,CD56"
"CK19,CD10,CK7,HEP-1,ARG-1,CA19-9,AFP,GPC-3,CD56"
"COX-2,TS,CK19,HCV,MGMT,¦¢-TUBULIN,EGFR,ERCC-1,KI-67,ARG-1,RRM1,BRCA1,HBSAG,GPC-3,VEGF"
"HCV,HBCAG,HBSAG"
"HBSAG,HBCAG,CK19,CK7,KI-67,HEP-1,GS,AFP,GPC-3,CD56"
"COX-2,CK20,TS,CK19,MGMT,CDX2,¦¢-TUBULIN,CK7,EGFR,ERCC-1,KI-67,RRM1,BRCA1,VEGF,CD56"
"COX-2,HBSAG,TS,HBCAG,HCV,MGMT,¦¢-TUBULIN,ERCC-1,KI-67,EGFR,RRM1,BRCA1,VEGF"
"COX-2,CD34,TS,CK19,MGMT,ERCC-1,KI-67,EGFR,RRM1,BRCA1,VEGF"
"COX-2,TS,MGMT,¦¢-TUBULIN,EGFR,ERCC-1,KI-67,RRM1,BRCA1,VEGF"
"CK19,CD10,HEP-1,KI-67,SALL-4,AFP,GPC-3,CD56"
"COX-2,TS,MGMT,¦¢-TUBULIN,ERCC-1,EGFR,KI-67,RRM1,BRCA1,VEGF"
"CK19,MGMT,CD10,CK7,GS,BRCA1,VEGF,¦¢-TUBULIN,EGFR,CD34,VILLIN,KI-67,ERCC-1,RRM1,COX-2,CK20,TS,CDX2,CD133,HEP-1,SALL-4,AFP,GPC-3,CD56"
"HBSAG,CD34,CK20,HBCAG,CK19,HCV,GLS1,CD133,CD10,CK7,KI-67,HEP-1,GS,ARG-1,SALL-4,AFP,GPC-3,CD56"
"COX-2,CD34,TS,MGMT,¦¢-TUBULIN,ERCC-1,KI-67,EGFR,CD31,RRM1,BRCA1,VEGF"
"HBSAG,CD34,CK20,HBCAG,CK19,GLS1,CD10,CK7,KI-67,HEP-1,GS,ARG-1,SALL-4,AFP,GPC-3,CD56"
"HBCAG,CK19,SMA,GLS1,SALL-4,HBSAG,GPC-3,CD56"
"HBSAG,HBCAG,CK19,HCV,CK7,KI-67,HEP-1,GS,GPC,SALL-4,AFP,GPC-3,CD56"
"COX-2,TS,MGMT,EGFR,ERCC-1,KI-67,RRM1,BRCA1,VEGF"
"CK20,CD34,CK19,GLS1,CD10,CK7,HEP-1,KI-67,GS,ARG-1,SALL-4,AFP,GPC-3,CD56"
"HBSAG,CD34,HBCAG,HEP-1,KI-67,AFP,GPC-3"
"CK19,SMA,GLS1,CD10,KI-67,HEP-1,ARG-1,SALL-4,AFP,GPC-3,CD56"
"CK19,GLS1,CD10,KI-67,ARG-1,SALL-4,GPC-3,CD56"
"HBSAG,CK20,HBCAG,CK19,HCV,VILLIN,CD10,CK7,KI-67,HEP-1,CD56"
"CD34,CK19,CD10,CK7,HEP-1,KI-67,ARG-1,SALL-4,AFP,GPC-3,CD56"
CD34
"CK19,GLS1,CD10,HEP-1,KI-67,ARG-1,SALL-4,AFP,GPC-3,CD56"
CD56
"CK19,CD10,CK7,HEP-1,SALL-4,AFP,GPC-3,CD56"
"CD34,CK19,SMA,CD10,HEP-1,SALL-4,AFP,GPC-3,CD56"
"HEP-1,KI-67,GPC-3"
"CK19,SMA,GLS1,GPC-3"
"CD34,CK20,CK19,GLS1,CD10,CK7,KI-67,HEP-1,GS,ARG-1,SALL-4,AFP,GPC-3,CD56"
"HBSAG,CD34,HBCAG,CK19,GLS1,CD10,CK7,KI-67,HEP-1,GS,SALL-4,AFP,GPC-3"
"P16,MGMT,EGFR,KI-67"
"CD34,AFP,ERCC-1,HEP-1,KI-67,ARG-1,GPC,SALL-4,BRCA1,CD56"
"COX-2,C-MET,VEGFR2,EGFR,KI-67,HER2,VEGF"
"CK19,CD10,CK7,ARG-1,SYN,CK5/6,MELAN-A,P63,CD34,VILLIN,KI-67,CK20,PAX-8,CDX2,CD133,HEP-1,CGA,SALL-4,AFP,GPC-3,CD56"
"HBSAG,CD34,HBCAG,CK19,HCV,CK7,KI-67,HEP-1,ARG-1,SALL-4,AFP,GPC-3,CD56"
KI-67
"SYN,CD34,¦¡-ACT,CK19,¦¡-AT,CK7,HEP-1,KI-67,CGA,ARG-1,SALL-4,AFP,GPC-3,CD56"
"CD34,CK19,GLS1,HEP-1,GS,KI-67,SALL-4,GPC-3,CD56"
"CD34,CK19,HEP-1,KI-67,CD31,SALL-4,GPC-3,CD56"
"C-MET,COX-2,CK20,VILLIN,CDX2,VEGFR2,CK7,EGFR,KI-67,HER2,VEGF"
"SYN,CK19,HEP-1,CGA,SALL-4,AFP,GPC-3,CD56"
"SYN,CD34,CK19,CD10,CK7,HEP-1,KI-67,CGA,ARG-1,SALL-4,AFP,GPC-3,CD56"
"HBCAG,SMA,KI-67,GS,HER2,HBSAG,GPC-3"
"CD34,CK19,CK7,HEP-1,KI-67,ARG-1,SALL-4,AFP,GPC-3,CD56"
"¦¢-CATENIN,CD34,KI-67,GS,AFP,GPC-3"
"CK19,CK7,HEP-1,AFP,GPC-3"
"CD34,CK20,CK7,HEP-1,KI-67,AFP,GPC-3"
"HBSAG,HBCAG,CK19,SMA,GLS1,KI-67,AFP,GPC-3"
"CD34,HBCAG,CK19,HCV,CK7,HEP-1,KI-67,HBSAG,GPC-3"
"CD34,CK20,CK19,CD10,CK7,KI-67,HEP-1,GS,ARG-1,SALL-4,AFP,GPC-3,GLS2,CD56"
"CD34,CK20,CK19,GLS1,CD10,CK7,KI-67,HEP-1,GS,ARG-1,SALL-4,AFP,GPC-3,CD56"
"CD34,CK7,KI-67,HEP-1"
"CD20,HBSAG,CD34,CK19,CD2,CD4,CD8,VEGFR2,CD3,KI-67,HEP-1,CK7,SALL-4,CD56"
"SYN,CK5/6,HBSAG,HBCAG,CK8/18,CK19,SMA,VIMENTIN,CK7,DESMIN,KI-67,P63,CGA,HEP-1,GS,CK,AFP,GPC-3"
"HBCAG,CK19,GLS1,CD10,HEP-1,GS,ARG-1,KI-67,AFP,GPC-3"
"CD34,CK19,GLS1,CD10,CK7,HEP-1,GS,CK,ARG-1,SALL-4,AFP,GPC-3,CD56"
"SYN,CD34,CK20,CK19,GLS1,CD10,CK7,KI-67,HEP-1,CGA,GS,ARG-1,SALL-4,AFP,GPC-3,CD56"
"CD34,GLS1,HEP-1,GS,KI-67,AFP,GPC-3"
"HBSAG,CD34,CK19,CK7,KI-67,HEP-1,SALL-4,AFP,GPC-3,CD56"
"CK20,CK19,GLS1,HEP-1,SALL-4,AFP,GPC-3,CD56"
"CK19,CK7,KI-67,HEP-1"
"¦¢-CATENIN,CK19,GLS1,CD10,HEP-1,KI-67,AFP,GPC-3,CD56"
"CK20,CK19,GLS1,CD10,D2-40,KI-67,HEP-1,GS,CK7,SALL-4,AFP,GPC-3,CD56"
"HBSAG,HBCAG,CK19,SMA,CK,SALL-4,AFP,GPC-3,CD56"
"SYN,HBSAG,CD34,HBCAG,CK19,SMA,KI-67,HEP-1,CGA,AFP,GPC-3,CD56"
"TTF1,HEP-1,GS,KI-67,NAPSINA,AFP,GPC-3"
"CD34,CK20,CK19,CD133,CD10,CK7,KI-67,HEP-1,SALL-4,AFP,GPC-3,CD56"
"HBSAG,CD34,HBCAG,CK19,HCV,VEGFR2,D2-40,KI-67,GS,ARG-1,SALL-4,GPC-3,CD56"
"CD34,HEP-1,GS,KI-67,AFP,GPC-3"
"HBSAG,CD34,HBCAG,CK19,SMA,VEGFR2,GLS1,KI-67,AFP,GPC-3,GLS2"
"CK19,GLS1,VEGFR2,KI-67,AFP,GPC-3,GLS2"
"CK19,GLS1,VEGFR2,KI-67,AFP,GPC-3,GLS2"
"HBSAG,CD34,CK19,D2-40,HEP-1,CK7,KI-67,AFP,GPC-3,GLS2"
"COX-2,C-MET,HBSAG,CK20,HBCAG,P16,CK19,VILLIN,CDX2,VEGFR2,CD10,D2-40,EGFR,KI-67,CK7,HER2,VEGF"
"HBSAG,CD34,CK19,VEGFR2,GLS1,CK7,KI-67,HEP-1,AFP,GPC-3,GLS2"
"CK19,GLS1,VEGFR2,KI-67,AFP,GPC-3,GLS2"
"SYN,CK20,VILLIN,CK19,CDX2,CD10,CK7,KI-67,HEP-1,CGA,34¦¢E12,GPC-3,CD56"
"HBSAG,CD34,HBCAG,CK19,SMA,VEGFR2,GLS1,KI-67,SALL-4,EPCAM,AFP,GPC-3,GLS2,CD56"
"CD34,CK20,VILLIN,CK19,CDX2,CD10,CK7,HEP-1,KI-67,GPC-3"
"CK19,GLS1,VEGFR2,KI-67,HEP-1,ARG-1,AFP,GPC-3,GLS2"
"HBSAG,HBCAG,CK19,SMA,GLS1,CD10,CK7,KI-67,HEP-1,ARG-1,SALL-4,EPCAM,AFP,GPC-3,CD56"
"TTF1,CK20,CK19,CDX2,GLS1,CD10,CK7,KI-67,HEP-1,ARG-1,AFP,GPC-3,GLS2"
"CK19,VEGFR2,GLS1,HEP-1,KI-67,AFP,GPC-3,GLS2"
"HBSAG,HBCAG,CK19,SMA,GLS1,VEGFR2,CD10,CK7,KI-67,CD68,AFP,GPC-3,GLS2"
"CK19,GLS1,VEGFR2,HEP-1,KI-67,AFP,GPC-3"
"CD34,CK19,GLS1,VEGFR2,CD10,CK7,KI-67,HEP-1,ARG-1,GS,AFP,GPC-3,GLS2,CD56"
"COX-2,C-MET,P16,VEGFR2,D2-40,EGFR,KI-67,HER2,VEGF,CD56"
"HBSAG,HBCAG,CK19,HCV,GLS1,VEGFR2,KI-67,AFP,GPC-3"
"HBSAG,HBCAG,CK19,GLS1,VEGFR2,KI-67,AFP,GPC-3"
"C-MET,COX-2,CK20,MUC-2,P16,CDX2,VEGFR2,MUC-5,MUC-1,D2-40,EGFR,KI-67,HER2,MUC-6,SALL-4,VEGF,CD56"
"CK19,GLS1,VEGFR2,KI-67,AFP,GPC-3"
"CK19,GLS1,VEGFR2,KI-67,AFP,GPC-3"
"CK19,GLS1,VEGFR2,KI-67,AFP,GPC-3"
"COX-2,C-MET,P16,VEGFR2,D2-40,EGFR,KI-67,HER2,VEGF,CD56"
"CD34,CK19,GLS1,CD10,CK7,HEP-1,KI-67,GS,ARG-1,AFP,GPC-3"
"HBSAG,HBCAG,CK19,GLS1,VEGFR2,KI-67,AFP,GPC-3"
"HBSAG,HBCAG,CK19,GLS1,VEGFR2,KI-67,AFP,GPC-3"
"CK19,IDH1,VEGFR2,CD10,KI-67,HEP-1,P63,EPCAM,AFP,GPC-3,CD56"
"HBSAG,CD34,HBCAG,CK19,HCV,GLS1,VEGFR2,KI-67,GS,SALL-4,AFP,GPC-3"
"CD34,HBCAG,CK19,SMA,GLS1,VEGFR2,KI-67,AFP,HBSAG,GPC-3"
"CK19,VEGFR2,KI-67,AFP,GPC-3"
"HBSAG,HBCAG,CK19,HCV,GLS1,VEGFR2,KI-67,AFP,GPC-3"
"HBSAG,HBCAG,CK19,SMA,VEGFR2,AFP,GPC-3"
"CD34,CK19,GLS1,VEGFR2,CD10,CK7,KI-67,HEP-1,GS,AFP,GPC-3,CD56"
"CK19,GLS1,VEGFR2,KI-67,AFP,GPC-3"
"HBSAG,CD34,HBCAG,CK19,HCV,GLS1,D2-40,KI-67,AFP,GPC-3,VEGF"
"HEP-2,CD34,CK19,GLS1,VEGFR2,CD10,CK7,KI-67,ARG-1,AFP,GPC-3"
"CD34,CK19,CK7,HEP-1,KI-67,AFP,GPC-3"
"HBSAG,HBCAG,CK19,SMA,GLS1,VEGFR2,KI-67,AFP,GPC-3"
"CD34,CK19,GLS1,VEGFR2,HEP-1,GS,KI-67,SALL-4,AFP,GPC-3"
"CD34,CK19,GLS1,VEGFR2,CK7,KI-67,SALL-4,AFP,GPC-3"
"CD34,CK19,SMA,GLS1,VEGFR2,CK7,KI-67,SALL-4,AFP,GPC-3"
"SYN,TG,CD34,CK20,CK19,VILLIN,NSE,CDX2,D2-40,KI-67,HEP-1,CGA,CK7,SALL-4,CD56"
"TTF1,CK20,CK19,VILLIN,CDX2,CK7,HEP-1,KI-67,GPC-3,S-100"
"HBSAG,HBCAG,CK19,GLS1,VEGFR2,KI-67,SALL-4,AFP,GPC-3,CD56"
"CK19,GLS1,VEGFR2,KI-67,AFP,GPC-3"
"CD34,CK19,VEGFR2,HEP-1,KI-67,SALL-4,AFP,GPC-3"
"CK7,KI-67,HEP-1"
"CD34,HBCAG,GLS1,VEGFR2,KI-67,AFP,HBSAG,GPC-3"
"CD34,CK19,GLS1,VEGFR2,CD10,CK7,HEP-1,KI-67,ARG-1,AFP,GPC-3"
"GLS1,VEGFR2,CD10,CD3,KI-67,HEP-1,ARG-1,CK7,AFP,GPC-3"
"HBSAG,HBCAG,CK19,SMA,GLS1,VEGFR2,KI-67,GPC-3"
"CD34,CK19,GLS1,VEGFR2,CK7,KI-67,AFP,GPC-3"
"HBSAG,CK20,HBCAG,P16,VILLIN,CK19,IDH1,CDX2,SMA,CD10,KI-67,HEP-1,AFP,GPC-3,CD56"
"CD34,CK19,VEGFR2,CD8,CD3,KI-67,HEP-1,CK7,SALL-4,AFP,GPC-3"
"HBSAG,CD34,CK19,SURVIVIN,SMA,VEGFR2,CD10,CK7,KI-67,HEP-1,AFP,GPC-3,VEGF"
"SYN,CK20,MUC-2,CK19,VILLIN,MUC-5,MUC-1,CK7,KI-67,HEP-1,P63,CGA,SALL-4,EPCAM,AFP,GPC-3,CD56"
"CD34,CK19,VEGFR2,CK7,HEP-1,KI-67,HSP70,GS,SALL-4,AFP,GPC-3,CD56"
"CK19,HEP-1,GS,KI-67,AFP,GPC-3"
"COX-2,C-MET,CK19,SMA,VEGFR2,CD10,CK7,EGFR,KI-67,HER2,AFP,GPC-3,VEGF"
"CD34,CK19,SMA,GLS1,VEGFR2,KI-67,GS,SALL-4,AFP,GPC-3"
"CK19,CK7,TTF1,SYN,CK5/6,VEGFR2,CK,WT-1,CA19-9,CD34,VILLIN,D2-40,KI-67,HMB45,CK[PAN],CK20,HBME-1,CDX2,VIMENTIN,HEP-1,CGA,SALL-4,AFP,GPC-3"
"CK19,GLS1,VEGFR2,CD10,D2-40,KI-67,HSP70,HEP-1,GS,ARG-1,CK7,SALL-4,AFP,GPC-3,CD56"
"CD34,CK19,GLS1,VEGFR2,CK7,HEP-1,KI-67,AFP,GPC-3"
"COX-2,C-MET,P16,CK19,VEGFR2,EGFR,KI-67,HEP-1,HER2,GS,GPC-3,VEGF"
"CK19,CDX2,GLS1,VEGFR2,CK7,HEP-1,KI-67,AFP,GPC-3"
"PDGFRA,CD34,CK19,GLS1,VEGFR2,KI-67,AFP,GPC-3,VEGF"
"HBSAG,HBCAG,CK19,SMA,GLS1,VEGFR2,CD10,KI-67,AFP,GPC-3,CD56"
"HBSAG,CD34,HBCAG,CK19,GLS1,VEGFR2,CD10,CK7,KI-67,HEP-1,ARG-1,SALL-4,AFP,GPC-3,CD56"
"HBSAG,CD34,HBCAG,CK19,HCV,GLS1,VEGFR2,CD10,D2-40,KI-67,HEP-1,GS,ARG-1,CK7,SALL-4,AFP,GPC-3"
"HBSAG,HBCAG,CK19,GLS1,VEGFR2,HEP-1,KI-67,AFP,GPC-3"
"HBSAG,HBCAG,CK19,VEGFR2,KI-67,AFP,GPC-3"
"HBSAG,HBCAG,CK19,GLS1,VEGFR2,CK7,HEP-1,KI-67,AFP,GPC-3"
"HBSAG,HBCAG,CK19,GLS1,VEGFR2,CK7,KI-67,HEP-1,AFP,GPC-3,CD56"
"CD34,CK19,GLS1,VEGFR2,HEP-1,KI-67,AFP,GPC-3"
"CD34,CK19,GLS1,VEGFR2,VIMENTIN,CD10,CK7,HEP-1,KI-67,AFP,GPC-3,CD56"
"CD34,CK19,GLS1,VEGFR2,CD10,CK7,KI-67,HEP-1,AFP,GPC-3"
"C-MET,COX-2,MUC-2,CK19,P16,MUC-5,VEGFR2,MUC-1,D2-40,EGFR,KI-67,HER2,MUC-6,VEGF,CD56"
"CK20,CK19,VILLIN,CDX2,VIMENTIN,CK7,HEP-1,KI-67,SALL-4,AFP,GPC-3"
"CD34,CK19,GLS1,VEGFR2,CD10,D2-40,KI-67,HEP-1,GS,ARG-1,CK7,SALL-4,AFP,GPC-3"
"CK19,GLS1,VEGFR2,HEP-1,KI-67,SALL-4,AFP,GPC-3,CD56"
"CK19,GLS1,VEGFR2,KI-67,AFP,GPC-3"
"COX-2,C-MET,P16,VEGFR2,D2-40,EGFR,CK,KI-67,HER2,CD56"
"CD34,CK19,VEGFR2,CK7,HEP-1,GS,KI-67,AFP,GPC-3,GLS2"
"C-MET,CK19,CK7,VEGF,MUC-5,VEGFR2,HBCAG,MUC-2,P16,VILLIN,MUC-1,D2-40,KI-67,HER2,COX-2,CK20,EGFR2,CDX2,SMA,CD56"
"COX-2,C-MET,P16,VEGFR2,D2-40,EGFR,KI-67,HER2,VEGF,CD56"
"CK20,CK19,VILLIN,CK7,HEP-1,KI-67,NAPSINA"
"COX-2,C-MET,CK20,VILLIN,CK19,CDX2,VEGFR2,CK7,EGFR,KI-67,HER2,VEGF,CD56"
"CD34,CK19,SMA,VEGFR2,CD8,CD4,CD10,CD3,KI-67,AFP,GPC-3"
"COX-2,C-MET,HBSAG,CD34,HBCAG,P16,CK19,SMA,VEGFR2,P53,CD10,D2-40,EGFR,KI-67,CK7,HER2,CD68,VEGF,CD56"
"CD34,CK19,GLS1,VEGFR2,HEP-1,KI-67,SALL-4,AFP,GPC-3"
"CD20,HBSAG,HBCAG,CK19,CDX2,GLS1,VEGFR2,CD10,SMA,CK7,KI-67,HEP-1,ARG-1,CD31,SALL-4,AFP,GPC-3,CD56"
"HBSAG,HBCAG,CK19,SMA,GLS1,VEGFR2,KI-67,AFP,GPC-3,PD-L1"
"HBSAG,HBCAG,CK19,GLS1,VEGFR2,KI-67,AFP,GPC-3,PD-L1"
"CD34,CK19,GLS1,VEGFR2,CD10,CK7,KI-67,HEP-1,GS,ARG-1,AFP,GPC-3,PD-L1,CD56"
"COX-2,C-MET,CD34,P16,CK19,CDX2,VEGFR2,CD10,D2-40,EGFR,KI-67,HEP-1,HER2,CK7,VEGF,AFP,PD-L1,CD56"
"CD34,CK19,GLS1,VEGFR2,HEP-1,KI-67,AFP,GPC-3,PD-L1"
"COX-2,C-MET,P16,CK19,CDX2,VEGFR2,CD10,D2-40,EGFR,KI-67,CK7,HER2,PD-L1,VEGF"
"CD34,CK19,GLS1,VEGFR2,CD10,KI-67,HSP70,GS,AFP,GPC-3,PD-L1"
"C-MET,COX-2,CK20,P16,CK19,VILLIN,D2-40,EGFR,KI-67,HEP-1,HER2,CK7,PD-L1,AFP,VEGF,CD56"
"HBSAG,CD34,CK19,GLS1,VEGFR2,HEP-1,KI-67,AFP,GPC-3,PD-L1"
"CD34,CK19,GLS1,VEGFR2,KI-67,AFP,GPC-3,PD-L1"
"CK19,GLS1,VEGFR2,KI-67,HEP-1,SALL-4,EPCAM,AFP,GPC-3,PD-L1,CD56"
"CD34,CK19,GLS1,VEGFR2,CD10,CK7,KI-67,HEP-1,GS,ARG-1,AFP,GPC-3,PD-L1"
"CK19,GLS1,VEGFR2,HEP-1,KI-67,AFP,GPC-3,PD-L1"
"COX-2,C-MET,CK20,CK19,VILLIN,VEGFR2,ER,EGFR,KI-67,CK7,HER2,PD-L1,AFP,VEGF"
"CD34,PD-1,CK19,GLS1,VEGFR2,CD10,CK7,KI-67,SALL-4,AFP,GPC-3,PD-L1,CD56"
"CD34,CK19,GLS1,VEGFR2,KI-67,AFP,GPC-3,PD-L1"
"HBSAG,CK20,HBCAG,VILLIN,GLS1,VEGFR2,CD10,CK7,KI-67,HEP-1,AFP,GPC-3,PD-L1"
"HBSAG,CD34,HBCAG,PD-1,CK19,SMA,GLS1,VEGFR2,CD10,CK7,KI-67,CD68,AFP,GPC-3,PD-L1"
"CD34,CK19,GLS1,VEGFR2,CD10,HEP-1,KI-67,GS,ARG-1,AFP,GPC-3,PD-L1,CD56"
"CK19,PD-1,GLS1,VEGFR2,KI-67,AFP,GPC-3,PD-L1"
"C-MET,CK19,VEGF,PD-L1,MUC-5,VEGFR2,EGFR,MUC-2,P16,VILLIN,MUC-1,D2-40,KI-67,HER2,MUC-6,COX-2,CK20,PD-1,CDX2,CD56"
"HBSAG,HBCAG,PD-1,CK19,SMA,GLS1,CD8,VEGFR2,KI-67,CD31,AFP,GPC-3,PD-L1"
"HBSAG,HBCAG,PD-1,CK19,SMA,GLS1,CD133,VEGFR2,KI-67,SALL-4,EPCAM,AFP,GPC-3,PD-L1,CD56"
"PD-1,CK19,GLS1,VEGFR2,DESMIN,KI-67,HEP-1,ARG-1,EPCAM,AFP,GPC-3,PD-L1,CD56"
"HBSAG,CD34,HBCAG,PD-1,CK19,SMA,VEGFR2,D2-40,KI-67,AFP,GPC-3,PD-L1"
"HBSAG,CK20,CD34,HBCAG,CK19,PD-1,VILLIN,CDX2,CK7,HEP-1,KI-67,ARG-1,GS,AFP,GPC-3,PD-L1,CD56"
"HBSAG,CD34,HBCAG,CK19,PD-1,CD10,D2-40,HEP-1,KI-67,ARG-1,CK7,SALL-4,AFP,GPC-3,CD56"
"CD34,PD-1,CK19,GLS1,VEGFR2,CD10,CK7,KI-67,HEP-1,AFP,GPC-3,PD-L1"
"PD-1,CK19,GLS1,VEGFR2,HEP-1,KI-67,AFP,GPC-3,PD-L1"
"CD34,PD-1,CK19,GLS1,VEGFR2,CK7,HEP-1,KI-67,ARG-1,AFP,GPC-3,PD-L1"
"CD34,PD-1,CK19,GLS1,VEGFR2,CD10,CK7,HEP-1,KI-67,ARG-1,SALL-4,AFP,GPC-3,PD-L1,CD56"
"SYN,PD-1,CK19,SMA,GLS1,VEGFR2,VIMENTIN,CK7,KI-67,HEP-1,CGA,CK,AFP,GPC-3,PD-L1,CD56"
"PD-1,CK19,GLS1,VEGFR2,KI-67,AFP,GPC-3,PD-L1"
"PD-1,CK19,GLS1,VEGFR2,CD10,CK7,KI-67,HEP-1,AFP,GPC-3,PD-L1,CD56"
"CK19,PD-1,GLS1,VEGFR2,KI-67,AFP,GPC-3,PD-L1"
"CK19,CD10,CK7,KI-67,HEP-1,ARG-1,SALL-4,EPCAM,AFP,GPC-3,CD56"
"COX-2,C-MET,P16,PD-1,VEGFR2,D2-40,EGFR,KI-67,HER2,VEGF,PD-L1,CD56"
"HBSAG,CD34,HBCAG,CK19,SMA,GLS1,CK7,KI-67,HEP-1,CD68,AFP,GPC-3,PD-L1"
"COX-2,C-MET,P16,PD-1,VEGFR2,EGFR,KI-67,HER2,PD-L1,VEGF,CD56"
"PD-1,CK19,SMA,VEGFR2,CK7,KI-67,HEP-1,SALL-4,EPCAM,AFP,GPC-3,PD-L1,CD56"
"HBCAG,P16,SMA,CDX2,HBSAG"
"CK19,PD-1,GLS1,VEGFR2,KI-67,AFP,GPC-3,PD-L1"
"CD34,PD-1,CK19,GLS1,CD133,VEGFR2,CK7,KI-67,HEP-1,SALL-4,EPCAM,AFP,GPC-3,PD-L1,CD56"
"HBSAG,HBCAG,PD-1,CK19,SMA,GLS1,VEGFR2,CD10,KI-67,AFP,GPC-3,PD-L1"
"HBSAG,CD34,HBCAG,P53,CD10,KI-67,AFP,GPC-3"
"HBSAG,HBCAG"
"HBSAG,HBCAG,PD-1,HCV,CK19,GLS1,VEGFR2,KI-67,AFP,GPC-3,PD-L1"
"HBSAG,CD34,CK19,PD-1,GLS1,VEGFR2,KI-67,AFP,GPC-3,PD-L1"
"CD34,CK19,PD-1,GLS1,VEGFR2,KI-67,CK,AFP,GPC-3,PD-L1"
"CK19,PD-1,GLS1,VEGFR2,KI-67,AFP,GPC-3,PD-L1"
"CD34,CK19,PD-1,GLS1,VEGFR2,KI-67,CD31,AFP,GPC-3,PD-L1"
"CK19,GLS1,VIMENTIN,CD10,CK7,KI-67,HEP-1,CK,ARG-1,SALL-4,CD56"
"CD34,CK19,PD-1,GLS1,VEGFR2,KI-67,CD31,AFP,GPC-3,PD-L1"
"CK19,PD-1,VEGFR2,GLS1,CK7,HEP-1,KI-67,AFP,GPC-3,PD-L1"
"CD34,PD-1,CK19,GLS1,VEGFR2,KI-67,GS,ARG-1,SALL-4,AFP,GPC-3,PD-L1,CD56"
"CK20,VILLIN,PD-1,VEGFR2,CK7,KI-67,HEP-1,GS,AFP,GPC-3,PD-L1"
"CK19,PD-1,GLS1,VEGFR2,KI-67,AFP,GPC-3,PD-L1"
"HBSAG,CD34,CK19,PD-1,VEGFR2,CK7,HEP-1,KI-67,AFP,GPC-3,PD-L1,CD56"
"CD34,CK19,CK7,KI-67,AFP,GPC-3"
"CD34,CK19,PD-1,GLS1,VEGFR2,CD10,KI-67,HEP-1,AFP,GPC-3"
"CD34,CK19,PD-1,GLS1,VEGFR2,KI-67,AFP,GPC-3,PD-L1"
"CD34,CK19,PD-1,GLS1,VEGFR2,KI-67,ARG-1,AFP,GPC-3,PD-L1"
"CK19,PD-1,GLS1,VEGFR2,KI-67,AFP,GPC-3,PD-L1"
"COX-2,C-MET,P16,PD-1,CK19,VEGFR2,D2-40,EGFR,KI-67,HEP-1,HER2,CK7,VEGF,PD-L1,CD56"
"CD34,CK19,PD-1,GLS1,VEGFR2,KI-67,AFP,GPC-3,PD-L1"
"CD34,CK19,PD-1,GLS1,VEGFR2,KI-67,AFP,GPC-3,PD-L1"
"CK19,PD-1,GLS1,VEGFR2,KI-67,AFP,GPC-3,PD-L1"
"CK19,PD-1,GLS1,VEGFR2,KI-67,AFP,GPC-3,PD-L1"
"HBSAG,HBCAG,CK19,PD-1,GLS1,VEGFR2,KI-67,AFP,GPC-3,PD-L1"
"CK19,GLS1,VEGFR2,CD10,CK7,HEP-1,KI-67,AFP,GPC-3"
"CD34,PD-1,VEGFR2,HEP-1,KI-67,AFP,GPC-3,PD-L1"
"PD-1,CK19,GLS1,VEGFR2,CD10,CK7,KI-67,HEP-1,ARG-1,SALL-4,AFP,GPC-3,PD-L1,CD56"
"CK19,PD-1,GLS1,VEGFR2,KI-67,AFP,GPC-3,PD-L1"
"CD34,CK19,PD-1,CD10,CK7,HEP-1,KI-67,AFP,GPC-3,PD-L1"
"CK19,PD-1,GLS1,VEGFR2,KI-67,AFP,GPC-3,PD-L1"
"CK19,GLS1,VEGFR2,KI-67,AFP,GPC-3"
"CK19,GLS1,VEGFR2,KI-67,AFP,GPC-3"
"PD-1,CK19,CDX2,GLS1,VEGFR2,D2-40,KI-67,HEP-1,CK,CD31,AFP,GPC-3,PD-L1"
"CK19,PD-1,GLS1,VEGFR2,HEP-1,KI-67,AFP,GPC-3,PD-L1"
"CK19,PD-1,GLS1,VEGFR2,KI-67,AFP,GPC-3,PD-L1"
"CD34,PD-1,CK19,GLS1,VEGFR2,D2-40,KI-67,CD31,AFP,GPC-3,PD-L1"
"CK19,PD-1,GLS1,VEGFR2,KI-67,AFP,GPC-3,PD-L1"
"CK19,PD-1,GLS1,CD10,CK7,KI-67,HEP-1,ARG-1,GS,SALL-4,AFP,GPC-3,PD-L1,CD56"
"CK19,PD-1,GLS1,VEGFR2,D2-40,KI-67,CD31,AFP,GPC-3,PD-L1"
"CEA,CK19,PD-1,GLS1,CD10,CK7,KI-67,HEP-1,ARG-1,GS,SALL-4,AFP,GPC-3,PD-L1"
"CK19,PD-1,GLS1,VEGFR2,KI-67,AFP,GPC-3,PD-L1"
"CK19,PD-1,GLS1,VEGFR2,KI-67,AFP,GPC-3,PD-L1"
"CK19,PD-1,GLS1,VEGFR2,KI-67,AFP,GPC-3,PD-L1"
"CD34,CK19,PD-1,GLS1,VEGFR2,KI-67,AFP,GPC-3,PD-L1"
"PD-1,CK19,SMA,GLS1,VEGFR2,CK7,KI-67,HEP-1,AFP,GPC-3,PD-L1"
"HBSAG,CD34,HBCAG,PD-1,CK19,GLS1,VEGFR2,CK7,KI-67,CD31,AFP,GPC-3,PD-L1"
"CK19,PD-1,GLS1,CD10,HEP-1,KI-67,AFP,GPC-3,PD-L1"
"PD-1,CK19,GLS1,VEGFR2,D2-40,KI-67,CD31,AFP,GPC-3,PD-L1,CD56"
"HBSAG,HBCAG,CK19,PD-1,VEGFR2,CK7,HEP-1,KI-67,AFP,PD-L1"
"HCG,SYN,PD-1,CK19,VEGFR2,GLS1,CD10,CK[PAN],CK7,KI-67,HEP-1,CGA,AFP,GPC-3,PD-L1,CD56"
"CD34,PD-1,CK19,GLS1,VEGFR2,CD10,CK7,KI-67,HEP-1,AFP,GPC-3,PD-L1"
"HBSAG,HBCAG,CK19,PD-1,GLS1,VEGFR2,KI-67,AFP,GPC-3,PD-L1"
"CD34,CK19,PD-1,GLS1,VEGFR2,KI-67,SALL-4,AFP,GPC-3,PD-L1"
"CK19,PD-1,GLS1,VEGFR2,KI-67,AFP,GPC-3,PD-L1"
"CK19,PD-1,GLS1,VEGFR2,KI-67,AFP,GPC-3,PD-L1"
"CK19,GLS1,VEGFR2,KI-67,AFP,GPC-3,PD-L1"
"CK19,GLS1,VEGFR2,KI-67,AFP,GPC-3,PD-L1"
"CK19,PD-1,GLS1,VEGFR2,KI-67,AFP,GPC-3,PD-L1"
"PD-1,CK19,GLS1,VEGFR2,KI-67,AFP,GPC-3,PD-L1"
"CD34,PD-1,CK19,GLS1,VEGFR2,D2-40,KI-67,CD31,AFP,GPC-3,PD-L1"
"CD34,GLS1,CD10,HSP70,KI-67,GS,ARG-1,GPC-3"
"CK19,PD-1,GLS1,VEGFR2,HEP-1,KI-67,AFP,GPC-3,PD-L1"
"CD34,CK19,PD-1,GLS1,VEGFR2,KI-67,AFP,GPC-3,PD-L1"
"CK19,PD-1,GLS1,VEGFR2,KI-67,AFP,GPC-3,PD-L1"
"CEA,CK19,PD-1,GLS1,VEGFR2,CD10,KI-67,HEP-1,GS,SALL-4,AFP,GPC-3,PD-L1"
"PD-1,CK19,GLS1,VEGFR2,KI-67,HEP-1,GS,SALL-4,AFP,GPC-3,PD-L1"
"CK19,PD-1,GLS1,VEGFR2,D2-40,KI-67,CD31,AFP,GPC-3,PD-L1"
"CK19,PD-1,GLS1,VEGFR2,KI-67,AFP,GPC-3,PD-L1"
"PD-1,CK19,GLS1,VEGFR2,D2-40,KI-67,HEP-1,CK7,AFP,GPC-3,PD-L1"
"HBSAG,HBCAG,CK19,PD-1,SMA,GLS1,VEGFR2,CD10,CK7,KI-67,CD68,AFP,GPC-3,PD-L1"
"CD34,CK19,PD-1,VEGFR2,CD10,CK7,HEP-1,KI-67,AFP,GPC-3,PD-L1"
"CK19,PD-1,GLS1,VEGFR2,KI-67,AFP,GPC-3,PD-L1"
"CD34,CK19,PD-1,VEGFR2,CD10,CK7,HEP-1,KI-67,AFP,GPC-3,PD-L1"
"CD34,PD-1,CK19,GLS1,VEGFR2,CD10,CK7,KI-67,HEP-1,AFP,GPC-3,PD-L1"
"CD34,PD-1,CK19,GLS1,VEGFR2,CD10,CK7,KI-67,HEP-1,AFP,GPC-3,PD-L1"
"CD34,PD-1,CK19,GLS1,VEGFR2,CD10,CK7,KI-67,HEP-1,AFP,GPC-3,PD-L1"
"CD34,PD-1,CK19,GLS1,VEGFR2,CD10,CK7,KI-67,HEP-1,AFP,GPC-3,PD-L1"
"CD34,CK19,PD-1,GLS1,VEGFR2,KI-67,AFP,GPC-3,PD-L1"
"CK19,PD-1,GLS1,VEGFR2,HEP-1,KI-67,AFP,GPC-3,PD-L1"
"HBSAG,HBCAG,PD-1,CK19,SMA,GLS1,VEGFR2,KI-67,AFP,GPC-3,PD-L1"
"CK19,PD-1,GLS1,VEGFR2,KI-67,AFP,GPC-3,PD-L1"
"CK19,PD-1,GLS1,VEGFR2,KI-67,AFP,GPC-3,PD-L1"
"CK19,PD-1,GLS1,VEGFR2,CD10,KI-67,GS,AFP,GPC-3,PD-L1"
"HBSAG,CD34,HBCAG,PD-1,HCV,CK19,GLS1,VEGFR2,CD10,KI-67,HSP70,GS,ARG-1,SALL-4,AFP,GPC-3,PD-L1"
"CK19,PD-1,GLS1,VEGFR2,KI-67,AFP,GPC-3,PD-L1"
"CK19,PD-1,GLS1,VEGFR2,KI-67,AFP,GPC-3,PD-L1"
"CK19,PD-1,GLS1,VEGFR2,D2-40,HSP70,KI-67,AFP,GPC-3,PD-L1"
"CD34,PD-1,CK19,GLS1,VEGFR2,D2-40,KI-67,CD31,AFP,GPC-3,PD-L1"
"CK19,PD-1,GLS1,VEGFR2,KI-67,AFP,GPC-3,PD-L1"
"CD34,CK19,PD-1,GLS1,CD10,CK7,HEP-1,KI-67,ARG-1,AFP,GPC-3,PD-L1,CD56"
"CK19,PD-1,GLS1,VEGFR2,CK7,KI-67,AFP,GPC-3,PD-L1"
"CK19,PD-1,GLS1,VEGFR2,KI-67,AFP,GPC-3,PD-L1"
"CK19,PD-1,GLS1,VEGFR2,KI-67,AFP,GPC-3,PD-L1"
"CD34,CK19,GLS1,CD10,CK7,KI-67,HSP70,HEP-1,GS,ARG-1,SALL-4,AFP,GPC-3,CD56"
"CD34,CK19,GLS1,CD10,CK7,HEP-1,KI-67,HSP70,GS,ARG-1,SALL-4,AFP,GPC-3,CD56"
"CK20,CD34,CK19,VILLIN,IDH1,CDX2,CD10,CK7,HEP-1,KI-67,AFP,GPC-3"
"CD34,KI-67,GS,GPC-3"
"HBSAG,CD34,HBCAG,PD-1,HCV,CK19,GLS1,VEGFR2,KI-67,AFP,GPC-3,PD-L1"
"CK19,PD-1,GLS1,VEGFR2,HEP-1,KI-67,AFP,GPC-3,PD-L1"
"HBSAG,HBCAG,PD-1,CK19,SMA,GLS1,VEGFR2,CD10,CK7,KI-67,CD68,AFP,GPC-3,PD-L1"
"CK19,PD-1,GLS1,VEGFR2,CK7,KI-67,AFP,GPC-3,PD-L1"
"CK19,PD-1,VEGFR2,GLS1,CK7,HEP-1,KI-67,AFP,GPC-3,PD-L1"
"PD-1,SMA,GLS1,VEGFR2,D2-40,KI-67,DESMIN,CD117,DOG-1,CD31,AFP,GPC-3,PD-L1,S-100"
"CK19,PD-1,GLS1,VEGFR2,KI-67,AFP,GPC-3,PD-L1"
"CD34,PD-1,CK19,GLS1,VEGFR2,CD10,CK7,KI-67,HSP70,HEP-1,GS,ARG-1,SALL-4,AFP,GPC-3,PD-L1,CD56"
"CK19,CD10,CK7,KI-67,HEP-1,ARG-1,SALL-4,AFP,GPC-3,CD56"
"CD34,CK19,PD-1,GLS1,KI-67,HEP-1,GS,ARG-1,AFP,GPC-3,PD-L1"
"CD34,CK19,PD-1,GLS1,CD10,CK7,KI-67,HEP-1,ARG-1,GS,SALL-4,EPCAM,AFP,GPC-3,PD-L1,CD56"
"CK19,PD-1,GLS1,VEGFR2,KI-67,AFP,GPC-3,PD-L1"
"CK19,PD-1,GLS1,VEGFR2,HEP-1,KI-67,AFP,GPC-3,PD-L1"
"CK19,PD-1,VEGFR2,GLS1,CK7,HEP-1,KI-67,AFP,GPC-3,PD-L1"
"CK19,PD-1,GLS1,VEGFR2,KI-67,CD31,AFP,GPC-3,PD-L1"
"HBSAG,HBCAG,PD-1,CK19,SMA,GLS1,VEGFR2,CD10,CK7,KI-67,CD68,AFP,GPC-3,PD-L1"
"CK19,PD-1,GLS1,VEGFR2,KI-67,AFP,GPC-3,PD-L1"
"HBSAG,CD34,HBCAG,PD-1,CK19,GLS1,VEGFR2,CD10,CK7,KI-67,HEP-1,GS,ARG-1,AFP,GPC-3,PD-L1"
"PD-1,CK19,GLS1,VEGFR2,D2-40,KI-67,CD31,AFP,GPC-3,PD-L1"
"PD-1,CK19,GLS1,VEGFR2,KI-67,AFP,GPC-3,PD-L1"
"HBSAG,CD34,HBCAG,PD-1,CK19,GLS1,VEGFR2,KI-67,HEP-1,GS,ARG-1,SALL-4,AFP,GPC-3,PD-L1"
"SYN,HBCAG,CK19,PD-1,GLS1,VEGFR2,KI-67,HEP-1,CGA,ARG-1,AFP,HBSAG,GPC-3,PD-L1,CD56"
"CK19,PD-1,GLS1,VEGFR2,KI-67,AFP,GPC-3,PD-L1"
"CK19,GLS1,KI-67,AFP,GPC-3,PD-L1"
"CD34,CK19,PD-1,GLS1,VEGFR2,KI-67,AFP,GPC-3,PD-L1"
"CK19,PD-1,GLS1,VEGFR2,HEP-1,KI-67,AFP,GPC-3,PD-L1"
"CK19,PD-1,GLS1,VEGFR2,HEP-1,KI-67,AFP,GPC-3,PD-L1"
"CK19,PD-1,GLS1,VEGFR2,KI-67,AFP,GPC-3,PD-L1"
"HBSAG,HBCAG,CK19,PD-1,SMA,GLS1,VEGFR2,CD10,CK7,KI-67,CD68,AFP,GPC-3,PD-L1"
"HBSAG,CD34,HBCAG,PD-1,CK19,GLS1,VEGFR2,KI-67,AFP,GPC-3,PD-L1"
"HBSAG,HBCAG,CK19,PD-1,GLS1,VEGFR2,KI-67,AFP,GPC-3,PD-L1"
"CK19,PD-1,GLS1,VEGFR2,KI-67,AFP,GPC-3,PD-L1"
"CK19,PD-1,VEGFR2,GLS1,CK7,HEP-1,KI-67,AFP,GPC-3,PD-L1"
"CD34,CK19,PD-1,VEGFR2,GLS1,CK7,KI-67,AFP,GPC-3,PD-L1"
"CK19,PD-1,GLS1,VEGFR2,KI-67,AFP,GPC-3,PD-L1"
"CK19,CD10,CK7,HEP-1,ARG-1,AFP,GPC-3,CD56"
"CK19,PD-1,GLS1,VEGFR2,KI-67,AFP,GPC-3,PD-L1"
"CK19,GLS1,CD10,CK7,KI-67,HEP-1,GS,ARG-1,SALL-4,AFP,GPC-3"
"SYN,CD56,PD-1,CK19,VEGFR2,GLS1,VIMENTIN,HEP-1,KI-67,CGA,CK,ARG-1,SALL-4,AFP,GPC-3,PD-L1,S-100"
"CD34,CK19,PD-1,GLS1,VEGFR2,KI-67,CD31,AFP,GPC-3,PD-L1"
"CD34,PD-1,CK19,GLS1,VEGFR2,CD10,CK7,KI-67,HSP70,HEP-1,GS,ARG-1,SALL-4,AFP,GPC-3,PD-L1,CD56"
"CK19,PD-1,GLS1,VEGFR2,KI-67,ARG-1,AFP,GPC-3,PD-L1"
"HBSAG,CD34,HBCAG,PD-1,CK19,SMA,GLS1,VEGFR2,CD10,ER,HEP-1,KI-67,CK7,ARG-1,AFP,GPC-3,PD-L1"
"CD34,GLS1,CD10,HSP70,KI-67,ARG-1,GPC-3"
"CK19,PD-1,GLS1,VEGFR2,HEP-1,KI-67,AFP,GPC-3,PD-L1"
"CD34,PD-1,CK19,GLS1,VEGFR2,KI-67,HEP-1,CD31,AFP,GPC-3,PD-L1"
"CD34,PD-1,CK19,GLS1,VEGFR2,HEP-1,KI-67,CD31,AFP,GPC-3,PD-L1"
"CD34,CK19,PD-1,GLS1,VEGFR2,KI-67,CD31,AFP,GPC-3,PD-L1"
"D2-40,CD34,CD31"
"CK19,PD-1,GLS1,VEGFR2,KI-67,AFP,GPC-3,PD-L1"
"CK20,CD34,MUC-2,CK19,VILLIN,MUC-5,CK7,HEP-1,KI-67,AFP,GPC-3"
"CK19,PD-1,GLS1,CD10,KI-67,AFP,GPC-3,PD-L1"
"CK19,PD-1,GLS1,VEGFR2,KI-67,AFP,GPC-3,PD-L1"
"CD34,PD-1,CK19,GLS1,VEGFR2,D2-40,KI-67,CD31,AFP,GPC-3,PD-L1"
"CK19,PD-1,GLS1,VEGFR2,KI-67,AFP,GPC-3,PD-L1"
"P16,CK19,GLS1,VEGFR2,P53,KI-67,AFP,GPC-3,PD-L1"
"CD34,GLS1,CD10,HSP70,GS,KI-67,GPC-3,CD56"
"CK19,GLS1,VEGFR2,HEP-1,KI-67,AFP,GPC-3"
"CK19,PD-1,GLS1,VEGFR2,HEP-1,KI-67,AFP,GPC-3,PD-L1"
"CK19,GLS1,VEGFR2,HEP-1,AFP,GPC-3"
"PD-1,CK19,GLS1,VEGFR2,CK7,KI-67,HSP70,HEP-1,GS,AFP,GPC-3,PD-L1"
"PD-1,CK19,GLS1,VEGFR2,KI-67,HSP70,HEP-1,GS,AFP,GPC-3,PD-L1"
"P16,CK19,P53,CK7,KI-67,HEP-1,ARG-1"
"C-MET,EGFR,KI-67,HER2,PD-L1,CD56"
"CK19,PD-1,GLS1,VEGFR2,KI-67,AFP,GPC-3,PD-L1"
"CD34,CK19,PD-1,VEGFR2,GLS1,CK7,KI-67,AFP,GPC-3,PD-L1"
"CK19,PD-1,GLS1,VEGFR2,KI-67,AFP,GPC-3,PD-L1"
"CD34,CK19,PD-1,VEGFR2,GLS1,CK7,KI-67,AFP,GPC-3,PD-L1"
"CD34,CK19,PD-1,GLS1,VEGFR2,CD10,KI-67,GS,AFP,GPC-3,PD-L1"
"CD34,PD-1,CK19,GLS1,VEGFR2,D2-40,KI-67,CD31,AFP,GPC-3,PD-L1"
"CD34,PD-1,CK19,GLS1,VEGFR2,CD10,HEP-1,KI-67,ARG-1,AFP,GPC-3,PD-L1"
"PD-1,KI-67,HEP-1,ARG-1,AFP,GPC-3,PD-L1"
"¦¢-CATENIN,CD34,PD-1,CK19,GLS1,VEGFR2,CD10,HEP-1,KI-67,GS,AFP,GPC-3,PD-L1"
"HBSAG,HBCAG,PD-1,CK19,SMA,GLS1,VEGFR2,CD10,CK7,KI-67,CD68,AFP,GPC-3,PD-L1"
"CD34,PD-1,VEGFR2,GLS1,CK7,KI-67,ARG-1,AFP,GPC-3,PD-L1"
"CK19,PD-1,GLS1,VEGFR2,KI-67,AFP,GPC-3,PD-L1"
"CK19,PD-1,GLS1,VEGFR2,KI-67,AFP,GPC-3,PD-L1"
"CK19,PD-1,GLS1,VEGFR2,KI-67,AFP,GPC-3,PD-L1"
"CK19,GLS1,VEGFR2,KI-67,AFP,GPC-3,PD-L1"
"CK19,PD-1,GLS1,VEGFR2,KI-67,AFP,GPC-3,PD-L1"
"CK19,PD-1,GLS1,VEGFR2,KI-67,AFP,GPC-3,PD-L1"
"CK19,HEP-1,KI-67,AFP,GPC-3"
"CK19,HEP-1,KI-67,AFP,GPC-3"
"CK19,PD-1,GLS1,VEGFR2,KI-67,AFP,GPC-3,PD-L1"
"CD34,PAX-8,PAX-2,CD10,CK7,KI-67,HEP-1,ARG-1,AFP,GPC-3"
"CK19,PD-1,GLS1,VEGFR2,KI-67,AFP,GPC-3,PD-L1"
"CD34,PD-1,CK19,GLS1,VEGFR2,D2-40,KI-67,CD31,AFP,GPC-3,PD-L1"
"CD34,PD-1,CK19,GLS1,VEGFR2,D2-40,KI-67,CD31,AFP,GPC-3,PD-L1"
"CD34,PD-1,CK19,GLS1,VEGFR2,D2-40,KI-67,CD31,AFP,GPC-3,PD-L1"
"CK19,PD-1,GLS1,VEGFR2,HEP-1,KI-67,AFP,GPC-3,PD-L1"
"CK19,PD-1,GLS1,VEGFR2,KI-67,AFP,GPC-3,PD-L1"
"PD-1,VEGFR2,KI-67,PD-L1"
"CD34,PD-1,CK19,GLS1,VEGFR2,DESMIN,HEP-1,KI-67,CD31,AFP,GPC-3,PD-L1"
"CK19,PD-1,GLS1,VEGFR2,KI-67,AFP,GPC-3,PD-L1"
"CK19,PD-1,GLS1,VEGFR2,KI-67,AFP,GPC-3,PD-L1"
"CK19,PD-1,GLS1,KI-67,AFP,GPC-3,PD-L1"
"CK19,PD-1,GLS1,VEGFR2,KI-67,AFP,GPC-3,PD-L1"
"CD34,PD-1,CK19,GLS1,VEGFR2,CD10,D2-40,KI-67,HEP-1,GS,AFP,GPC-3,PD-L1"
"CD34,CK19,PD-1,GLS1,VEGFR2,D2-40,KI-67,AFP,GPC-3,PD-L1"
"CK19,PD-1,GLS1,VEGFR2,KI-67,AFP,GPC-3,PD-L1"
"CK19,PD-1,GLS1,VEGFR2,HEP-1,KI-67,AFP,GPC-3,PD-L1"
"CK19,PD-1,GLS1,VEGFR2,KI-67,AFP,GPC-3,PD-L1"
"CK19,PD-1,GLS1,VEGFR2,KI-67,AFP,GPC-3,PD-L1"
"CD34,CK19,PD-1,GLS1,VEGFR2,KI-67,AFP,GPC-3,PD-L1"
"CD34,PD-1,CK19,GLS1,VEGFR2,D2-40,HEP-1,KI-67,CD31,AFP,GPC-3,PD-L1"
"PD-1,CK19,GLS1,VEGFR2,CD10,KI-67,HEP-1,ARG-1,EPCAM,AFP,GPC-3,PD-L1,CD56"
"CK19,PD-1,GLS1,VEGFR2,HEP-1,KI-67,AFP,GPC-3,PD-L1"
"CK19,PD-1,GLS1,VEGFR2,KI-67,AFP,GPC-3,PD-L1"
"CD34,PD-1,CK19,GLS1,VEGFR2,CK7,KI-67,HEP-1,AFP,GPC-3,PD-L1"
"CK19,PD-1,GLS1,VEGFR2,KI-67,AFP,GPC-3,PD-L1"
"HBSAG,CD34,HBCAG,PD-1,CK19,GLS1,VEGFR2,KI-67,AFP,GPC-3,PD-L1"
"CD34,CK19,PD-1,GLS1,VEGFR2,KI-67,AFP,GPC-3,PD-L1"
"CD34,PD-1,CK19,GLS1,VEGFR2,CD10,CK7,KI-67,HEP-1,GS,AFP,GPC-3,PD-L1"
"CD34,PD-1,CK19,GLS1,VEGFR2,CD10,HEP-1,KI-67,GS,ARG-1,AFP,GPC-3,PD-L1,CD56"
"¦¢-CATENIN,CD34,PD-1,CK19,GLS1,VEGFR2,CD10,KI-67,GS,AFP,GPC-3,PD-L1"
"CD34,TFE3,PD-1,CK19,GLS1,VEGFR2,CD10,HEP-1,KI-67,GS,AFP,GPC-3,PD-L1"
"CK19,PD-1,GLS1,VEGFR2,HEP-1,KI-67,AFP,GPC-3,PD-L1"
"CK19,PD-1,GLS1,VEGFR2,HEP-1,KI-67,AFP,GPC-3,PD-L1"
"CD34,CK19,PD-1,GLS1,VEGFR2,HEP-1,KI-67,AFP,GPC-3,PD-L1"
"CD34,CK19,PD-1,GLS1,VEGFR2,HEP-1,KI-67,AFP,GPC-3,PD-L1"
"SYN,CK20,VILLIN,CDX2,CK7,HEP-1,CK,KI-67,CGA,CD56"
"PD-1,CK19,GLS1,VEGFR2,CD10,CK7,KI-67,HSP70,HEP-1,GS,ARG-1,SALL-4,AFP,GPC-3,PD-L1,CD56"
"TTF1,CK19,PD-1,CDX2,GLS1,VEGFR2,CD10,CK7,KI-67,HSP70,ARG-1,HEP-1,GS,SALL-4,AFP,GPC-3,PD-L1,CD56"
"CK19,PD-1,VEGFR2,GLS1,CK7,HEP-1,KI-67,AFP,GPC-3,PD-L1"
"CK19,PD-1,GLS1,VEGFR2,KI-67,AFP,GPC-3,PD-L1"
"CK19,PD-1,GLS1,VEGFR2,KI-67,AFP,GPC-3,PD-L1"
"CK19,PD-1,GLS1,VEGFR2,KI-67,AFP,GPC-3,PD-L1"
"CD34,CK19,PD-1,GLS1,VEGFR2,KI-67,AFP,GPC-3,PD-L1"
"CK19,PD-1,GLS1,VEGFR2,KI-67,AFP,GPC-3,PD-L1"
"CK19,PD-1,GLS1,VEGFR2,KI-67,AFP,GPC-3,PD-L1"
"CK19,PD-1,GLS1,VEGFR2,KI-67,AFP,GPC-3,PD-L1"
"CK19,PD-1,GLS1,VEGFR2,KI-67,AFP,GPC-3,PD-L1"
"CK19,PD-1,GLS1,VEGFR2,KI-67,AFP,GPC-3,PD-L1"
"CK19,PD-1,GLS1,VEGFR2,KI-67,AFP,GPC-3,PD-L1"
"CK19,PD-1,GLS1,VEGFR2,KI-67,AFP,GPC-3,PD-L1"
"CK19,PD-1,GLS1,VEGFR2,KI-67,AFP,GPC-3,PD-L1"
"CK19,PD-1,GLS1,VEGFR2,KI-67,AFP,GPC-3,PD-L1"
"CK19,PD-1,GLS1,VEGFR2,KI-67,AFP,GPC-3,PD-L1"
"CK19,PD-1,GLS1,VEGFR2,KI-67,AFP,GPC-3,PD-L1"
"CD34,CK19,PD-1,GLS1,VEGFR2,D2-40,KI-67,AFP,GPC-3,PD-L1"
"HBSAG,HBCAG,PD-1,HCV,CK19,GLS1,VEGFR2,KI-67,AFP,GPC-3,PD-L1"
"HBSAG,HBCAG,PD-1,HCV,CK19,GLS1,VEGFR2,KI-67,AFP,GPC-3,PD-L1"
"CK19,PD-1,GLS1,CD10,CK7,KI-67,HEP-1,ARG-1,AFP,GPC-3,PD-L1,CD56"
"PD-1,CK19,GLS1,VEGFR2,CD10,CK7,KI-67,HSP70,HEP-1,GS,ARG-1,SALL-4,AFP,GPC-3,PD-L1,CD56"
"HBSAG,HBCAG,PD-1,HCV,CK19,GLS1,VEGFR2,CD10,CK7,KI-67,HSP70,HEP-1,GS,ARG-1,SALL-4,AFP,GPC-3,PD-L1,CD56"
"CK19,PD-1,GLS1,VEGFR2,KI-67,AFP,GPC-3,PD-L1"
"CK19,PD-1,GLS1,VEGFR2,KI-67,AFP,GPC-3,PD-L1"
"CK19,PD-1,GLS1,VEGFR2,KI-67,PD-L1[SP142],AFP,GPC-3"
"SYN,CD34,CK8/18,CK19,PD-1,CD10,CK7,HEP-1,CGA,GPC-3,PD-L1,CD56"
"CK19,PD-1,GLS1,VEGFR2,CD10,KI-67,GS,AFP,GPC-3,PD-L1"
"CK19,PD-1,GLS1,VEGFR2,KI-67,AFP,GPC-3,PD-L1"
"CK20,VILLIN,PD-1,PD-L1[22C3],CK19,GLS1,VEGFR2,CK7,KI-67,HEP-1,SALL-4,AFP,GPC-3"
"CK7,KI-67,HEP-1,GPC-3"
"CK19,PD-1,GLS1,VEGFR2,CD10,HEP-1,KI-67,AFP,GPC-3,PD-L1"
"SYN,CD34,CK19,PD-1,GLS1,CD10,CK7,HEP-1,KI-67,CGA,GS,ARG-1,SALL-4,AFP,GPC-3,PD-L1,CD56"
"¦¢-CATENIN,CD34,PD-1,CK19,GLS1,VEGFR2,KI-67,CD31,PD-L1[SP142],AFP,GPC-3"
"HBSAG,HBCAG,PD-1,HCV,CK19,GLS1,VEGFR2,KI-67,AFP,GPC-3,PD-L1"
"CK19,PD-1,GLS1,VEGFR2,KI-67,PD-L1[SP142],AFP,GPC-3"
"CK19,PD-1,GLS1,VEGFR2,KI-67,PD-L1[SP142],AFP,GPC-3"
"CK19,PD-1,GLS1,VEGFR2,KI-67,AFP,GPC-3"
"CK19,PD-1,GLS1,VEGFR2,D2-40,KI-67,CD31,PD-L1[SP142],AFP,GPC-3"
"CK19,PD-1,GLS1,VEGFR2,HEP-1,KI-67,PD-L1[SP142],AFP,GPC-3"
"CD34,CK19,PD-1,GLS1,VEGFR2,D2-40,KI-67,PD-L1[SP142],AFP,GPC-3"
"ERG,CK19,PD-1,GLS1,VEGFR2,KI-67,CD31,PD-L1[SP142],AFP,GPC-3"
"CK19,PD-1,GLS1,VEGFR2,KI-67,PD-L1[SP142],AFP,GPC-3"
"CK19,PD-1,GLS1,VEGFR2,KI-67,PD-L1[SP142],AFP,GPC-3"
"CK19,PD-1,GLS1,VEGFR2,KI-67,PD-L1[SP142],AFP,GPC-3"
"CK19,PD-1,GLS1,VEGFR2,KI-67,PD-L1[SP142],AFP,GPC-3"
"CK19,PD-1,GLS1,VEGFR2,KI-67,PD-L1[SP142],AFP,GPC-3"
"CK19,PD-1,GLS1,VEGFR2,KI-67,PD-L1[SP142],AFP,GPC-3"
"CD34,CK19,PD-1,GLS1,VEGFR2,CD10,KI-67,PD-L1[SP142],AFP,GPC-3"
"¦¢-CATENIN,HBSAG,CD34,HBCAG,CK19,SMA,GLS1,CD10,CK7,KI-67,GS,CD68,GPC-3"
